{"cameraMode":{"drawMode":0,"name":"Shaded","section":"Shading Mode"},"sceneLighting":true,"audioPlay":true,"sceneViewState":{"showFog":false,"showMaterialUpdate":false,"showSkybox":false,"showFlares":false,"showImageEffects":false,"showParticleSystems":false},"in2DMode":false,"pivot":{"x":7.998403549194336,"y":4.967789173126221,"z":-22.068538665771486},"rotation":{"x":0.12637335062026978,"y":-0.7126110196113586,"z":0.13299024105072022,"w":0.677163302898407},"size":1.9660108089447022,"orthographic":false}