{"cameraMode":{"drawMode":0,"name":"Shaded","section":"Shading Mode"},"sceneLighting":true,"audioPlay":false,"sceneViewState":{"showFog":true,"showMaterialUpdate":false,"showSkybox":true,"showFlares":true,"showImageEffects":true,"showParticleSystems":true},"in2DMode":false,"pivot":{"x":4.101559638977051,"y":-0.23359015583992005,"z":-4.847515106201172},"rotation":{"x":-0.07521034777164459,"y":0.02751646190881729,"z":-0.0020744840148836376,"w":-0.9967930316925049},"size":5.675459861755371,"orthographic":false}