{"cameraMode":{"drawMode":0,"name":"Shaded","section":"Shading Mode"},"sceneLighting":true,"audioPlay":false,"sceneViewState":{"showFog":false,"showMaterialUpdate":false,"showSkybox":false,"showFlares":false,"showImageEffects":false,"showParticleSystems":false},"in2DMode":false,"pivot":{"x":0.46777433156967165,"y":10.371695518493653,"z":-2.347379207611084},"rotation":{"x":0.2669823169708252,"y":-0.018793338909745218,"z":0.00521437544375658,"w":0.9635135531425476},"size":2.1073949337005617,"orthographic":false}