{"cameraMode":{"drawMode":0,"name":"Shaded","section":"Shading Mode"},"sceneLighting":true,"audioPlay":false,"sceneViewState":{"showFog":false,"showMaterialUpdate":false,"showSkybox":false,"showFlares":false,"showImageEffects":false,"showParticleSystems":false},"in2DMode":false,"pivot":{"x":-0.8933026194572449,"y":10.02562141418457,"z":-2.6172566413879396},"rotation":{"x":0.2379678189754486,"y":-0.01748466119170189,"z":0.004291316960006952,"w":0.9711153507232666},"size":0.3073950409889221,"orthographic":false}