{"cameraMode":{"drawMode":0,"name":"Shaded","section":"Shading Mode"},"sceneLighting":true,"audioPlay":false,"sceneViewState":{"showFog":true,"showMaterialUpdate":false,"showSkybox":true,"showFlares":true,"showImageEffects":true,"showParticleSystems":true},"in2DMode":false,"pivot":{"x":-0.6044521331787109,"y":6.688784599304199,"z":-4.657617568969727},"rotation":{"x":-0.06791897118091583,"y":0.9240796566009522,"z":-0.3214946389198303,"w":-0.1952216625213623},"size":10.715087890625,"orthographic":false}