{"cameraMode":{"drawMode":0,"name":"Shaded","section":"Shading Mode"},"sceneLighting":true,"audioPlay":false,"sceneViewState":{"showFog":true,"showMaterialUpdate":true,"showSkybox":true,"showFlares":true,"showImageEffects":true,"showParticleSystems":true},"in2DMode":false,"pivot":{"x":-51.084014892578128,"y":35.74736022949219,"z":-716.6560668945313},"rotation":{"x":-0.3937626779079437,"y":0.0948796421289444,"z":-0.040482133626937869,"w":-0.9138346314430237},"size":10.0,"orthographic":false}