{"cameraMode":{"drawMode":0,"name":"Shaded","section":"Shading Mode"},"sceneLighting":true,"audioPlay":false,"sceneViewState":{"showFog":true,"showMaterialUpdate":true,"showSkybox":true,"showFlares":true,"showImageEffects":true,"showParticleSystems":true},"in2DMode":false,"pivot":{"x":391.73199462890627,"y":-22.45318603515625,"z":466.8236083984375},"rotation":{"x":-0.20144061744213105,"y":0.026332780718803407,"z":-0.005022936500608921,"w":-0.9795337915420532},"size":909.88525390625,"orthographic":false}