{"cameraMode":{"drawMode":0,"name":"Shaded","section":"Shading Mode"},"sceneLighting":true,"audioPlay":false,"sceneViewState":{"showFog":true,"showMaterialUpdate":true,"showSkybox":true,"showFlares":true,"showImageEffects":true,"showParticleSystems":true},"in2DMode":false,"pivot":{"x":-96.39374542236328,"y":-22.079221725463868,"z":112.90567016601563},"rotation":{"x":-0.07247787714004517,"y":0.34638741612434389,"z":-0.025303803384304048,"w":-0.9352039098739624},"size":77.21894073486328,"orthographic":false}