{"cameraMode":{"drawMode":0,"name":"Shaded","section":"Shading Mode"},"sceneLighting":true,"audioPlay":false,"sceneViewState":{"showFog":true,"showMaterialUpdate":true,"showSkybox":true,"showFlares":true,"showImageEffects":true,"showParticleSystems":true},"in2DMode":false,"pivot":{"x":-36.536781311035159,"y":-183.89108276367188,"z":97.07112884521485},"rotation":{"x":-0.3937626779079437,"y":0.0948796421289444,"z":-0.040482133626937869,"w":-0.9138346314430237},"size":131.2080841064453,"orthographic":false}