{"cameraMode":{"drawMode":0,"name":"Shaded","section":"Shading Mode"},"sceneLighting":true,"audioPlay":false,"sceneViewState":{"showFog":true,"showMaterialUpdate":true,"showSkybox":true,"showFlares":true,"showImageEffects":true,"showParticleSystems":true},"in2DMode":false,"pivot":{"x":151.0289306640625,"y":-35.58632278442383,"z":0.9263452291488648},"rotation":{"x":0.08362279832363129,"y":0.6878275871276856,"z":-0.08194107562303543,"w":0.7167109251022339},"size":77.9604721069336,"orthographic":false}