{"cameraMode":{"drawMode":0,"name":"Shaded","section":"Shading Mode"},"sceneLighting":true,"audioPlay":false,"sceneViewState":{"showFog":true,"showMaterialUpdate":true,"showSkybox":true,"showFlares":true,"showImageEffects":true,"showParticleSystems":true},"in2DMode":false,"pivot":{"x":5.9760518074035648,"y":-6.553940296173096,"z":-128.1627197265625},"rotation":{"x":-0.0009135885629802942,"y":0.9995960593223572,"z":-0.02884063310921192,"w":0.021345064043998719},"size":68.21758270263672,"orthographic":false}