{"cameraMode":{"drawMode":0,"name":"Shaded","section":"Shading Mode"},"sceneLighting":true,"audioPlay":false,"sceneViewState":{"showFog":true,"showMaterialUpdate":true,"showSkybox":true,"showFlares":true,"showImageEffects":true,"showParticleSystems":true},"in2DMode":false,"pivot":{"x":-25.695018768310548,"y":-167.79188537597657,"z":381.7914123535156},"rotation":{"x":-0.20144061744213105,"y":0.026332780718803407,"z":-0.005022936500608921,"w":-0.9795337915420532},"size":229.95199584960938,"orthographic":false}