{"cameraMode":{"drawMode":0,"name":"Shaded","section":"Shading Mode"},"sceneLighting":true,"audioPlay":false,"sceneViewState":{"showFog":true,"showMaterialUpdate":true,"showSkybox":true,"showFlares":true,"showImageEffects":true,"showParticleSystems":true,"showVisualEffectGraphs":true,"m_FxEnabled":true},"in2DMode":false,"pivot":{"x":3.0521204471588136,"y":-3.6939306259155275,"z":1.8591278791427613},"rotation":{"x":-0.29819589853286745,"y":-0.35394588112831118,"z":0.12016966193914414,"w":-0.8782801032066345},"size":9.311017036437989,"orthographic":false}